,asli,blur-2,blur-3.5,noise-20,noise-35,noise-50,lowcon,uneven-0.5,uneven-0.3,uneven-0.2,lowres,jpeg,miring-2.5,CER rata-rata
M9 Blur + BG norm + Upscale + Otsu,0.0,0.0,0.067,0.0,0.0,0.0,0.0,0.0,0.0,0.0,0.0,0.0,0.0,0.005
M10 Median + BG norm + Upscale + Otsu,0.067,0.067,0.133,0.022,0.022,0.022,0.0,0.0,0.0,0.0,0.0,0.0,0.067,0.031
M7 Background norm + Upscale + Otsu,0.0,0.0,0.0,0.0,1.0,1.0,0.0,0.0,0.0,0.0,0.0,0.0,0.0,0.154
M4 Adaptive threshold,0.0,0.0,0.2,1.0,1.0,1.0,0.0,0.0,0.0,0.0,0.0,0.0,0.0,0.246
M3 Gaussian blur + Otsu,0.0,0.0,0.467,0.0,0.0,0.0,0.0,1.0,1.0,1.0,0.0,0.0,0.0,0.267
M6 Denoise (NLM) + CLAHE,0.0,0.0,0.133,0.0,1.0,1.0,0.0,1.0,1.0,0.867,0.0,0.0,0.0,0.385
M5 Sharpening,0.0,0.0,0.0,0.0,1.0,1.0,0.0,1.0,1.0,1.0,0.0,0.0,0.0,0.385
M1 Upscale 2x,0.0,0.0,0.0,0.0,1.0,1.0,0.0,1.0,1.0,1.0,0.0,0.0,0.0,0.385
M0 Grayscale (baseline),0.0,0.0,0.0,0.022,1.0,1.0,0.0,1.0,1.0,1.0,0.0,0.0,0.0,0.386
M2 CLAHE,0.0,0.0,0.067,1.0,1.0,1.0,0.0,1.0,0.333,0.8,0.0,0.0,0.0,0.4
M8 CLAHE + Upscale + Otsu,0.067,0.0,0.067,1.0,1.0,1.0,0.0,1.0,1.0,1.0,0.0,0.0,0.0,0.472
